{
  "version": "7",
  "dialect": "sqlite",
  "entries": [
    {
      "idx": 0,
      "version": "6",
      "when": 1762236333780,
      "tag": "0000_yielding_changeling",
      "breakpoints": true
    },
    {
      "idx": 1,
      "version": "6",
      "when": 1762238208186,
      "tag": "0001_tricky_risque",
      "breakpoints": true
    },
    {
      "idx": 2,
      "version": "6",
      "when": 1762239120497,
      "tag": "0002_complete_talos",
      "breakpoints": true
    },
    {
      "idx": 3,
      "version": "6",
      "when": 1762313423567,
      "tag": "0003_complete_umar",
      "breakpoints": true
    }
  ]
}